CELL_ID,SUBCLASS
1,Endothelial
295,L5_IT
298,L23_IT
388,Astrocytes
461,PVM
504,L5_PT
506,Endothelial
735,Astrocytes
764,Astrocytes
769,Oligodendrocytes
785,Endothelial
877,Astrocytes
904,L23_IT
961,L6_CT
997,Astrocytes
1073,L6_CT
1081,Pvalb
1202,L23_IT
1240,L23_IT
1278,Endothelial
1280,L5_IT
1297,L6_CT
1374,Pvalb
1404,L6_CT
1474,L6b
1483,L23_IT
1490,L23_IT
1578,L45_IT
1596,OPC
1702,Lamp5
1759,Oligodendrocytes
1761,Pericytes
1774,Astrocytes
1780,Pvalb
1818,Pericytes
1884,Microglia
2074,L6_CT
2076,Oligodendrocytes
2094,Endothelial
2095,L45_IT
2237,L23_IT
2360,Astrocytes
2466,L5_IT
2475,L5_IT
2513,L56_NP
2542,Endothelial
2759,SMC
2813,Endothelial
2894,L6_CT
2904,Endothelial
2910,OPC
2939,Oligodendrocytes
2943,L23_IT
2966,Astrocytes
2969,L6_IT
2986,L6_CT
3028,L6b
3264,Endothelial
3368,L6_CT
3369,L5_IT
3499,Microglia
3606,Astrocytes
3614,L6b
3710,L6_CT
3721,L23_IT
3728,L5_IT
3929,L6_IT
3938,Oligodendrocytes
4047,L23_IT
4050,VLMC
4156,Oligodendrocytes
4402,L45_IT
4446,L6_CT
4477,L56_NP
4569,L6_IT
4783,Microglia
4800,Microglia
4802,Endothelial
4805,L23_IT
4900,Microglia
4936,Oligodendrocytes
4966,L5_IT
4974,L56_NP
4981,Sst
5091,L23_IT
5104,Lamp5
5168,L23_IT
5190,Microglia
5219,L6_CT
5264,Astrocytes
5267,L23_IT
5278,Oligodendrocytes
5379,L5_IT
5453,L45_IT
5583,Vip
5616,Endothelial
5873,Oligodendrocytes
5960,L5_IT
5991,Vip
6057,L6_CT
6075,L6_CT
6120,L23_IT
6130,L5_PT
6141,Astrocytes
6163,L5_IT
6166,L6_CT
6330,Pericytes
6414,L6_IT
6431,Endothelial
6497,L5_IT
6505,L23_IT
6565,OPC
6569,Astrocytes
6579,Pericytes
6597,L6_IT
6643,L6_CT
6644,L6_CT
6669,L6_CT
6738,L23_IT
6744,L45_IT
6845,L6_IT
6957,L6_CT
7025,L23_IT
7106,L5_IT
7129,L6_CT
7165,L6_IT
7189,VLMC
7203,L6_IT
7297,L45_IT
7303,Pericytes
7318,Endothelial
7322,L5_IT
7375,L45_IT
7444,L45_IT
7537,L6_CT
7541,Sst
7548,Astrocytes
7613,Oligodendrocytes
7706,L5_IT
7738,Pvalb
7742,Endothelial
7754,Oligodendrocytes
7757,L23_IT
7800,L45_IT
7930,L6_CT
8010,Oligodendrocytes
8034,L6_IT
8068,L45_IT
8273,L5_IT
8277,L5_IT
8290,L45_IT
8368,Endothelial
8410,L6_CT
8441,Endothelial
8444,PVM
8522,Astrocytes
8600,L23_IT
8620,L6_CT
8646,L23_IT
8745,L23_IT
8757,Astrocytes
8844,L5_IT
8919,L23_IT
9095,L6_CT
9189,L45_IT
9379,Astrocytes
9382,Endothelial
9413,L6_CT
9418,L23_IT
9444,Pvalb
9568,L45_IT
9571,L5_PT
9612,Endothelial
9642,L23_IT
9749,VLMC
9933,Endothelial
9996,L5_PT
10195,L23_IT
10255,Sst
10356,Endothelial
10365,Endothelial
10378,L6_IT
10531,Pericytes
10557,L45_IT
10558,L6_IT
10762,VLMC
10777,Pericytes
10832,Oligodendrocytes
10905,Endothelial
10910,Oligodendrocytes
10932,VLMC
11032,L5_PT
11037,L5_IT
11155,SMC
11179,Endothelial
11192,Oligodendrocytes
11194,L5_IT
11225,L45_IT
11237,Endothelial
11290,L6_CT
11376,Endothelial
11387,L23_IT
11454,Oligodendrocytes
11526,L23_IT
11821,L23_IT
12120,L6_IT
12127,Endothelial
12131,Pericytes
12132,other
12151,Pericytes
12168,Endothelial
12211,Lamp5
12256,L23_IT
12456,Pvalb
12789,L5_IT
12839,Astrocytes
13056,L6_CT
13074,Endothelial
13091,Astrocytes
13145,L6_CT
13279,L5_PT
13316,L23_IT
13332,Endothelial
13351,Astrocytes
13358,L6_CT
13406,L5_IT
13407,L23_IT
13497,L23_IT
13545,L56_NP
13660,L45_IT
13716,L6_IT
13765,L6_CT
13854,Pericytes
13899,L56_NP
13911,Oligodendrocytes
13930,L45_IT
13947,Pvalb
13997,Astrocytes
14023,Astrocytes
14030,L5_IT
14031,L23_IT
14068,L45_IT
14105,L6_IT
14382,Pericytes
14395,L23_IT
14433,Oligodendrocytes
14526,Oligodendrocytes
14630,L45_IT
14676,L6_CT
14685,L23_IT
14792,L23_IT
14806,L6_CT
14860,L23_IT
14901,L23_IT
14903,VLMC
15058,Endothelial
15114,L6_IT
15157,L56_NP
15189,Endothelial
15220,L23_IT
15305,L6_CT
15350,SMC
15367,L45_IT
15370,L6_CT
15402,Endothelial
15407,L5_PT
15454,L6_IT
15611,L23_IT
15615,L23_IT
15741,Sst
15755,Sst
15771,L56_NP
15788,L23_IT
15799,L6_CT
15816,L6_CT
15832,Lamp5
15902,L45_IT
15987,L23_IT
16024,Astrocytes
16200,L23_IT
16228,L6_CT
16239,L6_CT
16246,L6_CT
16266,L23_IT
16354,L23_IT
16364,L23_IT
16415,L5_IT
16548,L23_IT
16648,Lamp5
16749,L45_IT
16754,L56_NP
16902,L45_IT
17007,L45_IT
17071,L23_IT
17119,L23_IT
17265,L23_IT
17376,L6_CT
17379,SMC
17598,Microglia
17623,L5_PT
17666,L6_IT
17726,L6_CT
17765,Sst_Chodl
17977,L5_IT
17992,L45_IT
18065,L6_CT
18071,L6_CT
18132,L6_IT
18222,L23_IT
18292,L6_CT
18463,L5_IT
18466,L6_IT
18546,L6_IT
18571,Endothelial
18625,L23_IT
18723,Astrocytes
18875,L23_IT
18895,Oligodendrocytes
19002,L23_IT
19037,Endothelial
19206,L6_IT
19309,L6_CT
19325,L6_IT
19486,L6_CT
19564,PVM
19625,L23_IT
19632,L5_IT
19706,L23_IT
19869,L6_CT
19922,L6_CT
20225,SMC
20227,L6_CT
20335,L23_IT
20394,Oligodendrocytes
20499,L23_IT
20506,Astrocytes
20526,Oligodendrocytes
20602,L5_PT
20640,L23_IT
20646,L23_IT
20649,OPC
20654,Pericytes
20681,L6_IT
20686,Pvalb
20940,PVM
21010,Lamp5
21068,L6_CT
21154,Endothelial
21176,L5_IT
21178,L6b
21181,L23_IT
21233,Pericytes
21385,L6_IT
21458,OPC
21467,L23_IT
21523,Pericytes
21524,L45_IT
21542,L23_IT
21713,L6_CT
21815,L56_NP
21886,Pericytes
21922,L6_IT
21928,Endothelial
21943,L6_IT
21969,L6_CT
21980,L5_PT
22087,Oligodendrocytes
22165,L56_NP
22180,L5_PT
22242,Oligodendrocytes
22251,L23_IT
22310,L5_IT
22439,L6_CT
22443,L5_IT
22450,L45_IT
22452,Endothelial
22507,L5_IT
22817,Oligodendrocytes
22860,Pvalb
22878,Sst
22881,SMC
23069,L6_IT
23177,Astrocytes
23192,Endothelial
23298,Oligodendrocytes
23306,Endothelial
23432,Pvalb
23447,VLMC
23527,L6_IT
23545,L6_IT
23553,L23_IT
23636,Endothelial
23715,L5_IT
23746,Microglia
23791,PVM
23808,L45_IT
23817,L5_IT
23907,L56_NP
24001,L45_IT
24012,Endothelial
24097,L5_IT
24114,Oligodendrocytes
24312,L6b
24397,L6_IT
24641,VLMC
24696,L45_IT
24767,VLMC
24831,L5_IT
24909,L45_IT
24931,L23_IT
24962,Astrocytes
25063,L5_IT
25213,Endothelial
25233,L45_IT
25242,L6_IT
25302,L23_IT
25313,L23_IT
25339,L45_IT
25382,Endothelial
25417,L6_IT
25448,L23_IT
25533,L6_CT
25669,Sst
25671,Pvalb
25798,L6b
25804,L56_NP
25855,L23_IT
25888,L45_IT
25893,L23_IT
25950,L5_PT
26022,L6_CT
26074,L23_IT
26127,Oligodendrocytes
26132,L5_IT
26163,L6_CT
26169,L6_CT
26180,L45_IT
26185,L23_IT
26200,L6_CT
26207,L23_IT
26228,other
26267,VLMC
26342,L6_CT
26387,L6_CT
26467,L6_CT
26514,Astrocytes
26565,Astrocytes
26588,VLMC
26689,Endothelial
26760,L6_CT
26971,Astrocytes
26998,PVM
27067,L6b
27088,L23_IT
27089,L45_IT
27376,L23_IT
27413,L6_CT
27524,L5_IT
27659,L6_CT
27691,L23_IT
27916,L5_IT
28063,L6_IT
28096,Astrocytes
28114,Lamp5
28238,Pvalb
28344,VLMC
28391,Endothelial
28558,Vip
28617,L6_IT
28673,L5_PT
28766,SMC
28925,L23_IT
28997,L6_CT
29135,Astrocytes
29298,Lamp5
29490,L5_IT
29552,L6_CT
29599,Endothelial
29604,L6_CT
29661,L6_CT
29782,L23_IT
29908,L6_IT
29962,Astrocytes
29997,Pericytes
30027,L6_IT
30070,L6_CT
30128,L6_CT
30233,Astrocytes
30236,L23_IT
30433,L6_IT
30487,L23_IT
30525,Microglia
30632,L6_IT
30656,Astrocytes
30862,Astrocytes
30875,L45_IT
30921,Microglia
30924,L6_CT
30951,PVM
31017,Pvalb
31059,L6_CT
31087,L6_CT
31113,L6_CT
31303,Endothelial
31475,L23_IT
31537,Oligodendrocytes
31563,Oligodendrocytes
31616,Endothelial
31644,L6_CT
31659,Oligodendrocytes
31667,L23_IT
31771,L23_IT
31773,L45_IT
31792,Pericytes
31860,Oligodendrocytes
31980,Endothelial
31990,Astrocytes
32072,L6_IT
32081,Endothelial
32356,L5_IT
32359,Pvalb
32426,L6_CT
32458,L23_IT
32522,L5_IT
32562,L6_CT
32575,Endothelial
32670,L6_CT
32900,L45_IT
32989,L45_IT
33007,L23_IT
33016,L6_IT
33052,L5_PT
33069,Astrocytes
33100,L23_IT
33194,Endothelial
33219,L5_IT
33223,L45_IT
33288,Astrocytes
33342,SMC
33377,Pericytes
33411,L23_IT
33432,Microglia
33547,L6_CT
33591,L23_IT
33628,Astrocytes
33635,Astrocytes
33706,L6_CT
33712,L6_CT
33777,L45_IT
33824,L45_IT
33829,Endothelial
33868,OPC
33922,L6_CT
33929,L6_IT
33958,Endothelial
34057,L5_IT
34127,L23_IT
34205,Lamp5
34438,L23_IT
34459,Astrocytes
34491,Pvalb
34510,L23_IT
34584,L45_IT
34644,L6_CT
34648,Pericytes
34702,L56_NP
34714,L6_CT
34730,L6_CT
34778,Oligodendrocytes
34805,Pvalb
34856,Oligodendrocytes
34963,Endothelial
34968,OPC
34990,L23_IT
35013,L6_CT
35114,L5_IT
35284,Oligodendrocytes
35325,Astrocytes
35370,Oligodendrocytes
35377,L5_IT
35419,L5_IT
35623,L6_CT
35680,L6_CT
35687,Oligodendrocytes
35863,L5_PT
36121,Sst
36173,SMC
36174,Pericytes
36248,L23_IT
36269,L23_IT
36271,Endothelial
36292,PVM
36381,L45_IT
36390,L45_IT
36440,VLMC
36463,L6_CT
36474,L6b
36507,Oligodendrocytes
36527,L45_IT
36608,L6_CT
36622,L6_CT
36625,L45_IT
36785,Oligodendrocytes
36803,L45_IT
36834,L5_IT
36837,L23_IT
36911,Sncg
36975,L6_CT
37088,L6b
37130,L6_CT
37142,Pvalb
37146,L6_CT
37162,Endothelial
37224,L5_IT
37273,Endothelial
37282,Astrocytes
37386,L6_CT
37466,L45_IT
37499,L23_IT
37908,Astrocytes
37992,Pvalb
38017,L23_IT
38113,L6_CT
38123,Endothelial
38145,Astrocytes
38196,L23_IT
38230,L45_IT
38309,Oligodendrocytes
38310,Microglia
38474,L6_IT
38475,Endothelial
38497,L5_IT
38503,L6_CT
38592,L6_IT
38621,Microglia
38676,L6_CT
38690,L5_IT
38779,Oligodendrocytes
38836,L23_IT
38838,L23_IT
38858,Pericytes
38945,Sst
38992,L6_IT
39056,L6_CT
39086,Pvalb
39229,Astrocytes
39326,L45_IT
39361,L6_CT
39442,L23_IT
39529,L45_IT
39531,Astrocytes
39705,L6b
39844,L45_IT
39932,L45_IT
39969,Astrocytes
39971,L5_IT
39996,Microglia
40100,L5_IT
40197,Astrocytes
40331,L23_IT
40333,L23_IT
40353,L5_IT
40440,Endothelial
40477,OPC
40609,L6_CT
40710,OPC
40729,L5_IT
40735,Pericytes
40745,L45_IT
40770,L56_NP
40873,Microglia
40885,L6_CT
40929,Vip
40968,L5_IT
41039,L6_CT
41041,Astrocytes
41045,Oligodendrocytes
41289,Endothelial
41290,L6_IT
41327,L5_IT
41372,L45_IT
41404,Endothelial
41455,L6_CT
41543,L6_CT
41579,L6_CT
41594,L45_IT
41648,L56_NP
41768,Endothelial
41774,Astrocytes
41881,SMC
41930,Microglia
41945,L45_IT
41958,L5_IT
42030,Pvalb
42174,L5_IT
42232,L23_IT
42296,Pericytes
42300,Pvalb
42347,Oligodendrocytes
42720,L5_IT
42748,Sst
42769,Pvalb
42785,L23_IT
42863,L23_IT
43080,Endothelial
43100,L5_IT
43324,Oligodendrocytes
43474,L5_IT
43549,L6b
43555,Oligodendrocytes
43601,VLMC
43658,Oligodendrocytes
43659,L45_IT
43665,Endothelial
43674,Microglia
43765,L45_IT
43838,L5_IT
43955,L5_IT
44009,Pvalb
44033,OPC
44052,L45_IT
44105,Endothelial
44115,L6_IT
44166,L6_IT
44336,L6_CT
44382,L5_IT
44433,Oligodendrocytes
44465,OPC
44517,L5_IT
44520,L6_IT
44715,L5_IT
44936,L6_IT
44988,L23_IT
45008,L45_IT
45034,L45_IT
45049,L23_IT
45112,L6_IT
45181,L6_IT
45190,L5_IT
45232,L6_CT
45241,L6_CT
45293,Astrocytes
45301,L5_IT
45325,L23_IT
45328,L23_IT
45381,L45_IT
45511,Endothelial
45592,L6_IT
45664,L23_IT
45833,Pericytes
45860,L23_IT
45880,L45_IT
45892,L23_IT
45924,L45_IT
45946,L45_IT
46057,L6_IT
46086,L45_IT
46102,L6_CT
46276,L23_IT
46378,L23_IT
46546,L6b
46713,Endothelial
46724,Vip
46979,L23_IT
47019,L5_IT
47065,Pericytes
47069,L6_CT
47087,L6_CT
47154,L5_IT
47174,Microglia
47203,L45_IT
47228,Endothelial
47253,Oligodendrocytes
47359,Microglia
47365,Pvalb
47432,Oligodendrocytes
47466,Oligodendrocytes
47481,L5_PT
47655,L6_CT
47697,L6_CT
47737,L5_PT
47935,Vip
48071,Microglia
48088,L6_CT
48137,L6_CT
48143,Vip
48145,L6_CT
48186,Endothelial
48239,L5_IT
48260,Pvalb
48273,L23_IT
48368,Endothelial
48505,Astrocytes
48532,L6_CT
48586,L6_CT
48611,L5_IT
48785,L23_IT
48833,L23_IT
48896,L6_CT
48909,Astrocytes
48969,L6_CT
48975,L23_IT
49006,L6_IT
49027,Astrocytes
49043,L6_CT
49106,Oligodendrocytes
49159,Endothelial
49207,Astrocytes
49248,L45_IT
49259,Endothelial
49280,Pvalb
49326,Astrocytes
49453,L6_CT
49494,L6_IT
49550,L6_CT
49565,L6_CT
49643,L5_IT
49677,L56_NP
49693,L6_CT
49764,L5_IT
49767,Oligodendrocytes
49852,Oligodendrocytes
49870,L6b
50077,Astrocytes
50136,Pericytes
50145,Sst
50296,Endothelial
50307,L23_IT
50384,L5_PT
50510,PVM
50582,L6_CT
50592,L6b
50603,L45_IT
50660,Endothelial
50877,Oligodendrocytes
50939,L6_CT
50980,L23_IT
50992,Lamp5
51058,L45_IT
51142,Lamp5
51186,L23_IT
51201,L6_IT
51216,Microglia
51311,Oligodendrocytes
51321,L6b
51441,L23_IT
51454,L5_IT
51518,Endothelial
51536,Pericytes
51557,L45_IT
51674,L5_IT
51728,L6_CT
51730,Endothelial
51739,Microglia
51759,L5_IT
51760,Endothelial
51800,Lamp5
51840,Pvalb
51854,L45_IT
51866,L23_IT
51879,Oligodendrocytes
51958,L6b
51971,SMC
52107,L6_CT
52131,L6_IT
52237,L45_IT
52253,L6_IT
52432,Microglia
52553,L6b
52575,L23_IT
52641,Oligodendrocytes
52662,L5_IT
52698,Astrocytes
52737,L23_IT
52818,Astrocytes
52866,Pvalb
52895,SMC
52972,L56_NP
53002,L23_IT
53157,L6_CT
53344,Endothelial
53346,L23_IT
53364,L45_IT
53433,Astrocytes
53467,L45_IT
53559,Oligodendrocytes
53590,L45_IT
53728,VLMC
53751,L6_CT
53792,SMC
53807,Oligodendrocytes
53849,L45_IT
53934,OPC
54132,L6_CT
54247,L23_IT
54275,OPC
54302,Oligodendrocytes
54349,L6_CT
54382,L5_IT
54437,L23_IT
54461,L6_CT
54471,L6_CT
54474,L45_IT
54524,L6_CT
54608,L5_IT
54659,VLMC
54699,L23_IT
54732,L6_CT
54830,L6_CT
54853,Astrocytes
54938,L6_IT
54967,SMC
55016,Sst
55035,L6_CT
55057,L45_IT
55124,L6_CT
55156,Astrocytes
55240,L6_CT
55518,Astrocytes
55595,L5_IT
55710,VLMC
55794,Pvalb
55807,Lamp5
55896,Endothelial
55922,L5_IT
55966,L6_CT
55993,L6_CT
56106,L45_IT
56175,VLMC
56301,L23_IT
56350,L5_IT
56391,L5_IT
56401,L6b
56444,VLMC
56455,L6_CT
56469,Astrocytes
56532,Endothelial
56538,L6_CT
56876,L6_CT
56882,L45_IT
56940,L23_IT
57166,Endothelial
57182,Vip
57210,Endothelial
57264,Lamp5
57444,L23_IT
57489,L6_CT
57491,SMC
57510,OPC
57668,OPC
57722,L23_IT
57782,Astrocytes
57883,L5_PT
57887,PVM
57908,Endothelial
58132,L6_CT
58209,L6_CT
58262,L45_IT
58293,Lamp5
58355,L6_CT
58417,L45_IT
58585,L6_CT
58620,Oligodendrocytes
58992,OPC
58996,Lamp5
59019,Oligodendrocytes
59069,Microglia
59141,OPC
59358,Endothelial
59377,Astrocytes
59428,L5_IT
59504,Pericytes
59627,L5_IT
59689,L6_IT
59755,L23_IT
59797,L45_IT
59815,Microglia
59857,L23_IT
59883,L6_CT
59919,L23_IT
59928,OPC
60123,L6_CT
60127,L23_IT
60139,L5_PT
60167,L45_IT
60215,L6_CT
60218,L45_IT
60253,L5_IT
60289,L56_NP
60301,Oligodendrocytes
60387,L6_CT
60430,L6_CT
60502,Oligodendrocytes
60516,Endothelial
60519,Microglia
60521,Microglia
60583,L6_CT
60605,L23_IT
60623,L5_IT
60653,Endothelial
60788,L6_CT
60819,L6_CT
60831,L56_NP
60874,L5_IT
60909,L23_IT
60929,Endothelial
61036,Oligodendrocytes
61039,Sst
61044,L23_IT
61056,Astrocytes
61069,OPC
61207,Sst
61244,L23_IT
61320,L5_IT
61345,L23_IT
61422,L5_IT
61441,Endothelial
61463,L6_IT
61465,L23_IT
61525,Pericytes
61585,L5_IT
61591,L5_IT
61636,L23_IT
61676,Oligodendrocytes
61699,VLMC
61876,Sst
61911,L23_IT
62051,L5_IT
62083,Oligodendrocytes
62186,Pericytes
62205,L5_PT
62273,Oligodendrocytes
62436,Pericytes
62444,L6_IT
62505,Oligodendrocytes
62518,L5_IT
62595,OPC
62786,Oligodendrocytes
62809,L23_IT
62852,L6_CT
62883,L6_CT
62934,L23_IT
63076,Endothelial
63124,L23_IT
63276,L6b
63324,Pericytes
63376,Oligodendrocytes
63431,Endothelial
63440,Oligodendrocytes
63515,L5_IT
63527,L45_IT
63660,L45_IT
63737,L23_IT
63893,PVM
64046,L6_CT
64260,L6_CT
64524,L23_IT
64553,L23_IT
64746,Endothelial
64916,L45_IT
64947,L23_IT
65037,L23_IT
65049,Sst
65061,L5_PT
65071,L23_IT
65215,Astrocytes
65262,Oligodendrocytes
65282,Sncg
65389,Lamp5
65582,Endothelial
65647,L23_IT
65736,L6_CT
65802,L23_IT
65840,L6_CT
65848,L23_IT
65995,Pvalb
66028,L6_CT
66126,L6_CT
66217,L45_IT
66244,L23_IT
66292,Oligodendrocytes
66358,L56_NP
66457,VLMC
66484,L23_IT
66491,L6_CT
66616,L23_IT
66640,Endothelial
66741,OPC
67012,Endothelial
67046,Pericytes
67116,L23_IT
67278,L45_IT
67293,OPC
67395,L23_IT
67423,L6_IT
67463,Oligodendrocytes
67618,L5_IT
67639,OPC
67735,Sst
67754,Microglia
67872,VLMC
67928,L6_IT
67946,L6_CT
67999,Microglia
68033,Vip
68214,L56_NP
68237,L6_CT
68275,L6_CT
68296,L56_NP
68434,L5_IT
68438,L45_IT
68669,Microglia
68698,L6_IT
68819,L6_CT
68869,L23_IT
68871,Endothelial
68924,OPC
69097,Endothelial
69098,Pericytes
69101,Astrocytes
69111,L6_CT
69138,Oligodendrocytes
69175,Oligodendrocytes
69184,PVM
69354,L56_NP
69422,L6_CT
69468,Oligodendrocytes
69485,L56_NP
69517,Astrocytes
69536,L23_IT
69593,L6_IT
69631,L6_IT
69771,L6_CT
69835,L23_IT
69836,L23_IT
69875,Vip
69900,L56_NP
70025,L23_IT
70068,L5_IT
70072,L6_CT
70119,L6_CT
70130,L23_IT
70248,Astrocytes
70254,Endothelial
70267,Endothelial
70367,Endothelial
70394,Endothelial
70511,Endothelial
70547,Astrocytes
70606,L6_CT
70823,L45_IT
70983,Sst
71039,L23_IT
71064,L45_IT
71169,L23_IT
71244,Vip
71343,Vip
71359,L5_PT
71424,L6_CT
71539,L45_IT
71542,Lamp5
71747,L6_CT
71833,L6_IT
71849,Pericytes
71998,L23_IT
72016,Endothelial
72038,Oligodendrocytes
72044,L45_IT
72073,OPC
72142,Microglia
72278,VLMC
72309,L6_IT
72331,Endothelial
72417,SMC
72429,L6b
72473,Endothelial
72491,Pvalb
72515,L6_CT
72559,VLMC
72594,Endothelial
72640,Pvalb
72720,L5_PT
72747,L23_IT
72774,L23_IT
72813,L6_CT
72834,L5_IT
72857,Oligodendrocytes
72891,Endothelial
72928,L6_IT
73040,L6_IT
73052,L45_IT
73080,Microglia
73117,OPC
73176,SMC
73179,L6_CT
73236,L5_IT
73382,Oligodendrocytes
73420,Astrocytes
73508,Vip
73513,SMC
73528,L6_CT
73609,L5_IT
73669,Oligodendrocytes
73679,Oligodendrocytes
73756,Astrocytes
73835,L5_IT
73868,L5_PT
74149,L6b
74174,L23_IT
74253,L23_IT
74423,Astrocytes
74449,Endothelial
74487,Pericytes
74681,Astrocytes
74764,Pvalb
74914,L6_CT
74915,PVM
74917,L23_IT
75045,L45_IT
75092,L23_IT
75112,Pvalb
75185,Oligodendrocytes
75188,Oligodendrocytes
75201,L6_CT
75207,L6_IT
75249,Endothelial
75254,L45_IT
75378,Endothelial
75393,L5_PT
75411,L6_IT
75412,L6_CT
75471,Oligodendrocytes
75781,Oligodendrocytes
75848,other
75941,L45_IT
75996,VLMC
76078,L6_CT
76212,L6_IT
76269,L6_CT
76392,Astrocytes
76495,L5_IT
76616,L6_CT
76648,Pvalb
76737,Microglia
76787,Endothelial
76799,L6_CT
76806,Oligodendrocytes
76872,L56_NP
77003,L56_NP
77007,L23_IT
77057,L5_IT
77098,L6_IT
77100,L5_IT
77127,L5_IT
77217,L6_CT
77351,L5_IT
77415,L5_PT
77588,Astrocytes
77593,L23_IT
77623,Oligodendrocytes
77626,L5_IT
77635,Microglia
77743,L23_IT
77805,L45_IT
77825,L23_IT
77887,L45_IT
77933,L6_CT
77959,L23_IT
78032,Pvalb
78111,L6_IT
78175,L6_CT
78191,SMC
78212,L23_IT
78289,Astrocytes
78369,L6_CT
78373,L6_CT
78481,PVM
78503,L45_IT
78543,Pericytes
78545,L5_PT
78546,Pericytes
78573,Endothelial
78656,L23_IT
78657,L6_CT
78769,L45_IT
78786,L6_CT
78817,Oligodendrocytes
78862,L5_IT
78936,Astrocytes
78942,Pvalb
79000,L6_CT
79252,Astrocytes
79339,L45_IT
79410,Endothelial
79413,L23_IT
79448,SMC
79654,L5_IT
79725,Oligodendrocytes
79756,Astrocytes
79817,L23_IT
79847,Endothelial
79961,SMC
79992,Sst_Chodl
80189,L5_PT
80266,L5_IT
80348,L6_CT
80363,L23_IT
80471,Pericytes
80497,L6_IT
80588,Endothelial
80699,Astrocytes
80758,L5_IT
80821,L6_CT
80822,L23_IT
80844,L6_CT
80972,Endothelial
80984,L45_IT
81011,L6_CT
81033,L6_IT
81078,Pvalb
81103,L5_PT
81128,L6_CT
81129,L6b
81132,L6_CT
81224,Astrocytes
81256,Endothelial
81293,L6_CT
81321,L6_IT
81323,VLMC
81380,L45_IT
81481,Endothelial
81520,L6_IT
81542,Microglia
81551,L6_CT
81553,Oligodendrocytes
81577,Endothelial
81585,L6_CT
81639,L23_IT
81662,Astrocytes
81784,Oligodendrocytes
81812,L6_CT
81854,L5_IT
81901,Astrocytes
81905,Oligodendrocytes
81948,L23_IT
82091,Pvalb
82110,L6_CT
82177,Endothelial
82242,L6_CT
82268,OPC
82448,L5_IT
82490,L23_IT
82494,VLMC
82550,Astrocytes
82668,L23_IT
82705,Oligodendrocytes
82727,L5_IT
82731,Pvalb
82748,Astrocytes
82786,L56_NP
82790,Endothelial
82803,L6_IT
82816,L56_NP
82836,L6_IT
82886,L6_IT
83134,Astrocytes
83192,L45_IT
83298,L23_IT
83322,L5_IT
83349,L6_CT
83393,Endothelial
83395,L6_IT
83418,L45_IT
83502,VLMC
83545,Pericytes
83552,L6_IT
83665,L6_CT
83676,Endothelial
83685,VLMC
83726,Endothelial
83777,L45_IT
83785,L5_PT
83812,L45_IT
83932,L6_IT
83982,L6_CT
84019,Astrocytes
84050,L45_IT
84099,Endothelial
84134,Oligodendrocytes
84215,L6_IT
84287,Vip
84325,Lamp5
84398,Lamp5
84465,Oligodendrocytes
84497,Endothelial
84501,L23_IT
84512,L6_CT
84553,L23_IT
84625,Endothelial
84631,L45_IT
84660,L5_IT
84736,L5_IT
84785,Astrocytes
84891,Astrocytes
84898,Astrocytes
85025,Sst
85080,L23_IT
85340,L5_IT
85398,L5_IT
85409,L5_PT
85411,L23_IT
85414,OPC
85439,Oligodendrocytes
85497,Pvalb
85818,Sst
86010,L6_IT
86161,Endothelial
86181,L6_CT
86260,Pvalb
86274,Endothelial
86463,Oligodendrocytes
86469,Oligodendrocytes
86493,L6_IT
86518,L23_IT
86564,L23_IT
86660,L45_IT
86674,L6_CT
86740,L6_IT
86812,Oligodendrocytes
86817,L6_CT
86993,Oligodendrocytes
87135,L45_IT
87371,Oligodendrocytes
87402,L5_IT
87421,L5_IT
87603,Oligodendrocytes
87617,Endothelial
87657,Oligodendrocytes
87695,Astrocytes
87771,L6_CT
87803,Oligodendrocytes
87822,Endothelial
87958,L45_IT
87985,L23_IT
88007,L5_IT
88011,L23_IT
88149,Astrocytes
88172,Endothelial
88232,Lamp5
88249,L23_IT
88291,Vip
88433,L23_IT
88468,L45_IT
88600,L23_IT
88710,Pericytes
88744,L23_IT
88826,L45_IT
88856,other
88866,Lamp5
88913,Astrocytes
88939,L23_IT
88956,L6_IT
89009,PVM
89027,L23_IT
89039,L23_IT
89304,L56_NP
89313,L6b
89354,OPC
89359,L23_IT
89411,Astrocytes
89419,L23_IT
89566,L6_CT
89641,L5_PT
89680,L6_CT
89681,Pericytes
89750,Lamp5
89823,L5_IT
89836,L6_CT
89861,L45_IT
89953,Endothelial
90036,L6_CT
90085,L45_IT
90175,L5_PT
90306,Endothelial
90374,Endothelial
90412,L5_PT
90425,L45_IT
90436,L6_CT
90439,L5_IT
90616,L6_CT
90622,Astrocytes
90643,Oligodendrocytes
90758,L6_CT
90839,L6_CT
90897,Microglia
90906,L23_IT
90915,L6_CT
90999,L5_IT
91044,L5_IT
91058,Microglia
91079,L45_IT
91106,OPC
91119,Microglia
91127,L45_IT
91273,L6_IT
91440,Endothelial
91501,L5_IT
91504,Endothelial
91649,L6_CT
91719,L56_NP
91992,Sst
92104,L23_IT
92131,L45_IT
92173,L45_IT
92242,L5_IT
92355,L23_IT
92581,L23_IT
92649,L45_IT
92662,VLMC
92669,L23_IT
92701,Endothelial
92713,L5_IT
92723,L45_IT
92746,L45_IT
92747,L6_IT
92768,Astrocytes
92802,L56_NP
92908,Lamp5
92954,Pvalb
93034,Endothelial
93087,L23_IT
93110,L5_IT
93141,Oligodendrocytes
93145,L23_IT
93245,Endothelial
93321,L23_IT
93393,L6_IT
93405,L5_PT
93529,SMC
93558,VLMC
93624,L6_IT
93686,L6_CT
93696,Oligodendrocytes
93782,Astrocytes
93800,Astrocytes
93815,L6_CT
93863,Oligodendrocytes
93927,L6_CT
93990,Oligodendrocytes
94010,L5_IT
94033,Vip
94086,Lamp5
94090,L6_CT
94202,L6_CT
94380,L6_CT
94388,L5_IT
94410,Endothelial
94433,L23_IT
94522,L6b
94541,L5_IT
94949,L56_NP
95024,Endothelial
95025,L6_CT
95110,L6_CT
95193,L23_IT
95262,L6_IT
95264,L23_IT
95274,L6_CT
95310,Oligodendrocytes
95424,L5_PT
95444,Vip
95464,OPC
95486,L5_IT
95501,L45_IT
95556,Vip
95594,Astrocytes
95675,Lamp5
95793,L45_IT
95826,L5_IT
95839,L23_IT
95936,L6_CT
96309,L23_IT
96370,L45_IT
96383,L23_IT
96395,Oligodendrocytes
96419,Oligodendrocytes
96427,OPC
96450,Endothelial
96469,L45_IT
96502,Astrocytes
96505,L23_IT
96520,Endothelial
96528,L6_CT
96582,Astrocytes
96730,Endothelial
96737,Oligodendrocytes
96805,L45_IT
96963,L5_PT
96994,L6_IT
96996,L23_IT
97010,Astrocytes
97049,L6_CT
97166,L5_IT
97233,Oligodendrocytes
97272,L5_IT
97332,Endothelial
97394,L5_IT
97462,Endothelial
97568,L6_CT
97603,L5_PT
97645,Lamp5
97653,L6_IT
97657,Pvalb
97793,Vip
97811,L6_CT
97829,L5_IT
97832,L23_IT
97987,L45_IT
98029,Oligodendrocytes
98131,L5_IT
98145,Sst
98183,L45_IT
98273,L23_IT
98278,L45_IT
98301,L23_IT
98385,Astrocytes
98421,L5_IT
98526,SMC
98562,Microglia
98574,Oligodendrocytes
98710,Oligodendrocytes
98778,Astrocytes
98785,Sst
98911,L6b
99091,L56_NP
99102,L23_IT
99374,L6_CT
99392,L6b
99433,Astrocytes
99455,Pvalb
99461,Endothelial
99520,L6_CT
99554,L45_IT
99619,L6_CT
99645,L6_IT
99798,L6_IT
99837,Pvalb
99894,L45_IT
99958,Sst
100053,L6_CT
100054,L6_CT
100104,L6_CT
100208,L23_IT
100216,L23_IT
100278,L6_IT
100374,L6_CT
100386,Endothelial
100408,L5_IT
100531,Lamp5
100552,L23_IT
100629,Endothelial
100634,Endothelial
100731,Astrocytes
100762,L5_IT
100776,Pvalb
100803,Astrocytes
100910,SMC
101012,L23_IT
101145,VLMC
101291,L6_CT
101366,Oligodendrocytes
101370,Oligodendrocytes
101378,L6_CT
101397,L5_IT
101665,Pvalb
101693,L6_CT
101725,L45_IT
101732,L5_IT
101760,Endothelial
102038,Pericytes
102049,Endothelial
102284,VLMC
102309,L23_IT
102390,Oligodendrocytes
102393,L6_CT
102402,Microglia
102406,OPC
102456,L6_IT
102471,Oligodendrocytes
102499,L5_IT
102555,L23_IT
102745,L6_CT
102778,L45_IT
103098,L6b
103141,L6_IT
103164,L6_CT
103266,L23_IT
103335,L56_NP
103353,OPC
103479,L45_IT
103504,Astrocytes
103524,L45_IT
103540,Pericytes
103546,L6_CT
103586,L6_CT
103590,Pericytes
103722,SMC
103827,L23_IT
103859,L6_IT
103860,Endothelial
103903,L6b
103971,OPC
104287,Endothelial
104319,VLMC
104486,L5_IT
104530,Oligodendrocytes
104557,Sncg
104574,L45_IT
104587,Endothelial
104757,L6_CT
104763,Endothelial
104793,Astrocytes
104819,Astrocytes
104865,L6_IT
104892,Astrocytes
105026,Pericytes
105162,L45_IT
105354,Endothelial
105438,Pvalb
105485,Pvalb
105493,Lamp5
105601,Astrocytes
105639,L56_NP
105756,Endothelial
105854,Astrocytes
105961,Lamp5
106124,L23_IT
106129,L23_IT
106395,L6_IT
106488,L6_CT
106516,Astrocytes
106524,L6_CT
106551,L23_IT
106583,L6_IT
106746,Astrocytes
106752,L23_IT
106754,SMC
106757,L23_IT
106841,L23_IT
107010,L6_CT
107042,Astrocytes
107094,Oligodendrocytes
107106,L45_IT
107351,L6_IT
107363,L45_IT
107408,L45_IT
107421,L45_IT
107435,L5_IT
107614,L6b
107620,Endothelial
107704,Astrocytes
107759,Vip
107909,Vip
108015,OPC
108109,L23_IT
108123,Oligodendrocytes
108201,Pericytes
108264,Astrocytes
108306,Pvalb
108318,L45_IT
108347,Sst_Chodl
108584,L23_IT
108610,L6_CT
108752,L45_IT
108818,Endothelial
108819,L5_PT
108871,OPC
108908,Oligodendrocytes
109036,L6_IT
109038,Oligodendrocytes
109100,L23_IT
109666,L23_IT
109679,L5_PT
109698,Oligodendrocytes
109778,Oligodendrocytes
109804,L23_IT
109819,L23_IT
109872,L23_IT
109930,L6_CT
110111,L23_IT
110114,L6_IT
110132,L5_IT
110181,Pvalb
110247,L23_IT
110272,Astrocytes
110379,L45_IT
110440,L5_IT
110457,L5_IT
110537,PVM
110586,L6_CT
110695,VLMC
110758,Endothelial
110850,Oligodendrocytes
110883,L45_IT
110949,L5_PT
110975,Pvalb
110996,Vip
111178,L5_IT
111208,L6_CT
111220,L5_IT
111266,L6_IT
111285,L5_IT
111335,Pericytes
111538,L23_IT
111617,Vip
111782,Astrocytes
111854,Astrocytes
111869,L6_CT
111980,L6_IT
112070,L23_IT
112115,Oligodendrocytes
112163,L5_PT
112168,L45_IT
112272,Pvalb
112307,Astrocytes
112384,L45_IT
112413,Oligodendrocytes
112425,L6_CT
112440,Astrocytes
112547,L45_IT
112684,Oligodendrocytes
112703,L6_CT
112807,L45_IT
112821,L6_IT
113023,OPC
113034,L6_CT
113040,L6_IT
113101,Endothelial
113148,VLMC
113169,Astrocytes
113219,Astrocytes
113235,L23_IT
113271,L6_CT
113304,L5_IT
113360,Oligodendrocytes
113388,Endothelial
113458,L23_IT
113462,L45_IT
113718,other
113853,Pericytes
113867,L6_CT
113868,Sst
113928,Endothelial
113975,L6b
114032,L6_CT
114091,L5_PT
114207,Astrocytes
114360,L45_IT
114416,L5_IT
114517,L23_IT
114540,PVM
114571,L6_CT
114605,L6_IT
114652,L45_IT
114693,L45_IT
114733,L23_IT
114781,PVM
114803,Astrocytes
114864,L23_IT
114943,Oligodendrocytes
115026,Endothelial
115086,L45_IT
115095,L6_IT
115206,L45_IT
115248,L5_IT
115346,Oligodendrocytes
115398,Oligodendrocytes
115437,Microglia
115503,VLMC
115511,Pvalb
115548,L45_IT
115636,L6b
115659,L45_IT
115677,Endothelial
115705,L6_CT
115723,L6_CT
115806,Endothelial
115866,L6_CT
115929,OPC
115977,Astrocytes
116066,PVM
116081,Pericytes
116097,L45_IT
116122,L23_IT
116145,L23_IT
116254,L23_IT
116409,L5_IT
116427,Pvalb
116452,Oligodendrocytes
116501,L23_IT
116532,Astrocytes
116588,L5_IT
116652,L6_CT
116732,L45_IT
116872,Oligodendrocytes
117032,L5_PT
117053,Endothelial
117087,Endothelial
117193,L5_IT
117383,Astrocytes
117455,Oligodendrocytes
117502,L45_IT
117513,L23_IT
117516,Microglia
117539,Pvalb
117587,Oligodendrocytes
117654,OPC
117759,L45_IT
117787,L6_IT
117818,L23_IT
117901,Microglia
117908,L45_IT
117916,Endothelial
117929,L23_IT
117942,Astrocytes
118123,L23_IT
118182,Lamp5
118202,L6b
118387,L5_IT
118485,L6_CT
118623,SMC
118731,Oligodendrocytes
118733,L6_CT
118747,L45_IT
118857,Oligodendrocytes
118883,L5_IT
118929,L23_IT
118973,L5_IT
118995,L5_IT
119087,L23_IT
119148,Oligodendrocytes
119199,Astrocytes
119243,L5_IT
119264,Endothelial
119267,L6b
119358,L5_PT
119482,L45_IT
119512,L23_IT
119732,Oligodendrocytes
119741,L6_IT
119942,L6_IT
119956,Endothelial
120000,Lamp5
120003,Microglia
120016,L5_IT
120077,PVM
120317,L6_CT
120358,L6_CT
120406,L6_IT
120429,Endothelial
120459,Pericytes
120534,OPC
120624,PVM
120634,L6_CT
120646,Oligodendrocytes
120722,Pvalb
120817,Oligodendrocytes
120825,Astrocytes
120840,L45_IT
120843,L6_CT
120900,OPC
120928,L6_CT
121008,L56_NP
121246,L45_IT
121262,L23_IT
121276,VLMC
121328,L45_IT
121457,L45_IT
121504,Pericytes
121761,Endothelial
121785,SMC
121849,L5_PT
121866,L45_IT
121874,L6_CT
121998,VLMC
122002,Endothelial
122034,Astrocytes
122060,L6_CT
122070,L6b
122131,Endothelial
122162,L5_IT
122170,Endothelial
122196,L23_IT
122292,Oligodendrocytes
122325,L45_IT
122370,L5_IT
122410,L45_IT
122442,L23_IT
122465,L6_CT
122585,Microglia
122587,L6_CT
122613,SMC
122652,Oligodendrocytes
122852,L6_CT
122860,L6_IT
123045,Endothelial
123111,Endothelial
123121,L6_CT
123162,L6_IT
123237,L6_IT
123256,L5_IT
123290,Endothelial
123358,L45_IT
123372,L6_CT
123477,Oligodendrocytes
123532,L45_IT
123533,L6_IT
123588,Astrocytes
123631,L23_IT
123688,L6_CT
123759,Endothelial
123806,L6_IT
123831,L6_IT
123856,Sst
123947,L5_IT
123983,Microglia
124000,L45_IT
124003,OPC
124014,L6_CT
124052,Oligodendrocytes
124135,L56_NP
124145,L6_CT
124153,SMC
124180,Astrocytes
124361,L23_IT
124380,L23_IT
124455,L45_IT
124491,L23_IT
124524,L23_IT
124543,L5_IT
124554,Endothelial
124628,Endothelial
124717,L23_IT
124750,L23_IT
124775,L6_CT
124797,Oligodendrocytes
124806,Sst
124849,OPC
124981,Sst
125025,L23_IT
125064,L6_CT
125091,L23_IT
125208,Astrocytes
125251,Endothelial
125327,Astrocytes
125419,Oligodendrocytes
125486,L6_CT
125502,L56_NP
125602,VLMC
125717,Endothelial
125806,L6_CT
125997,Endothelial
126018,L6_CT
126082,OPC
126215,L5_IT
126310,L6_CT
126314,Endothelial
126343,VLMC
126440,VLMC
126531,L6_IT
126630,L23_IT
126667,L6b
126735,Astrocytes
126825,other
126876,Endothelial
126963,Oligodendrocytes
127036,L56_NP
127059,Sncg
127103,Astrocytes
127125,L23_IT
127137,L6_IT
127138,L45_IT
127157,L45_IT
127269,L23_IT
127338,L6_IT
127407,L6_IT
127642,L45_IT
127705,L5_PT
127706,Endothelial
127718,L45_IT
127741,OPC
127945,Endothelial
127992,Oligodendrocytes
128037,L45_IT
128053,L6_IT
128079,L5_IT
128114,L5_PT
128212,L6_CT
128227,Endothelial
128350,Endothelial
128454,L45_IT
128466,OPC
128509,L23_IT
128595,VLMC
128639,L5_IT
128667,Pvalb
128678,L23_IT
128692,Oligodendrocytes
128703,L23_IT
128724,Endothelial
128725,Pvalb
128921,L6_CT
128938,L6_CT
128955,L45_IT
128990,L6_IT
129090,Oligodendrocytes
129134,L45_IT
129158,L6_IT
129268,L6_CT
129327,L6_IT
129378,Endothelial
129389,Astrocytes
129588,Pvalb
129604,L6_IT
129644,L6_IT
129675,Endothelial
129721,Lamp5
129783,L6_IT
129814,Microglia
129895,L6_IT
130067,Pvalb
130080,PVM
130203,Pvalb
130253,Endothelial
130399,Oligodendrocytes
130421,Endothelial
130427,Pericytes
130573,Endothelial
130578,Pvalb
130627,L45_IT
130680,L6_IT
130707,L5_IT
130709,L56_NP
130710,L6_CT
130800,L45_IT
130845,L45_IT
130923,L23_IT
131060,L45_IT
131118,L6_IT
131196,Microglia
131240,L45_IT
131256,L5_PT
131276,L45_IT
131284,L45_IT
131344,L23_IT
131422,L6_CT
131501,L6_IT
131554,Pericytes
131587,Astrocytes
131697,L23_IT
131953,Endothelial
132030,OPC
132058,Astrocytes
132090,L6_CT
132129,L6_IT
132172,Oligodendrocytes
132175,Vip
132200,Astrocytes
132255,L23_IT
132264,VLMC
132394,L5_IT
132623,L45_IT
132759,L6_CT
132766,L56_NP
132790,VLMC
132811,Astrocytes
132927,L6b
132990,L5_IT
133070,L6_IT
133131,L6_IT
133197,L6_CT
133230,Pvalb
133245,L45_IT
133306,L23_IT
133325,L6_CT
133472,L56_NP
133562,Astrocytes
133680,L45_IT
133731,Lamp5
133800,L5_IT
133919,Oligodendrocytes
133977,L6_CT
133988,VLMC
133998,L6_CT
134182,L23_IT
134263,L6_CT
134317,Oligodendrocytes
134415,L6_IT
134464,L56_NP
134502,L5_PT
134503,L6b
134569,L45_IT
134641,L6_CT
134704,Vip
134708,Endothelial
134719,Astrocytes
134764,Endothelial
134882,L6_CT
134976,Pericytes
135152,L5_PT
135190,L6_CT
135195,Microglia
135225,L6_CT
135435,L23_IT
135543,Endothelial
135555,Astrocytes
135570,L5_IT
135620,L23_IT
135626,L5_PT
135745,L23_IT
135871,Endothelial
135916,Endothelial
135963,L6_CT
136104,Astrocytes
136210,L6_CT
136221,Oligodendrocytes
136339,Microglia
136493,OPC
136504,Microglia
136682,Astrocytes
136707,Astrocytes
136741,VLMC
136805,L5_IT
136872,L6_CT
136968,L23_IT
137162,L45_IT
137194,L23_IT
137226,PVM
137338,Astrocytes
137430,L6_CT
137439,Endothelial
137709,L6_CT
137749,L6_CT
137757,OPC
137827,Lamp5
137902,L23_IT
137952,Oligodendrocytes
137980,Endothelial
138131,L6_CT
138195,L23_IT
138202,L6_CT
138224,L6_CT
138353,Astrocytes
138365,L5_PT
138438,OPC
138522,Astrocytes
138691,Microglia
138715,Pvalb
138772,Microglia
138833,OPC
138958,L45_IT
139225,Oligodendrocytes
139274,VLMC
139324,L23_IT
139360,L45_IT
139384,L6_CT
139387,L6_CT
139410,PVM
139589,L23_IT
139626,L6_CT
139714,L6_CT
139811,Astrocytes
139839,L23_IT
139853,OPC
139859,Astrocytes
139868,L56_NP
139952,Oligodendrocytes
140074,Astrocytes
140449,L45_IT
140623,L5_IT
140651,Endothelial
140688,Astrocytes
140812,Microglia
140877,Endothelial
140892,L6_CT
140963,L5_IT
141153,L23_IT
141235,Astrocytes
141240,L6_CT
141253,L6_CT
141307,L23_IT
141312,Microglia
141398,Endothelial
141486,Astrocytes
141608,L23_IT
141618,Astrocytes
141638,Pericytes
141649,VLMC
141666,L5_PT
141724,Sncg
141726,Endothelial
141826,Microglia
141835,L6b
141840,L6_CT
141940,VLMC
142066,L23_IT
142172,L6_CT
142203,L6_IT
142286,L6_CT
142333,PVM
142523,L45_IT
142524,Astrocytes
142617,L45_IT
142633,L6_CT
142652,Microglia
142754,Oligodendrocytes
142789,L23_IT
142975,Oligodendrocytes
143028,L5_PT
143032,Lamp5
143049,L6_CT
143095,L6b
143170,Astrocytes
143373,L23_IT
143461,Oligodendrocytes
143473,L5_IT
143570,L23_IT
143574,OPC
143596,L23_IT
143610,Pvalb
143614,L45_IT
143710,L23_IT
143843,L5_IT
143848,L45_IT
143869,Pvalb
143936,L5_IT
143939,L23_IT
143984,Oligodendrocytes
143991,Astrocytes
144052,L23_IT
144093,L6_CT
144143,Oligodendrocytes
144193,OPC
144247,L23_IT
144306,Pvalb
144395,L45_IT
144397,L45_IT
144403,L6b
144463,L6_CT
144528,L5_IT
144622,L6_CT
144629,L6_IT
144698,SMC
144720,Astrocytes
144746,Oligodendrocytes
144751,Astrocytes
144802,L23_IT
144843,Astrocytes
144864,Astrocytes
144904,L5_IT
145005,Endothelial
145038,L23_IT
145041,Oligodendrocytes
145043,L23_IT
145091,L23_IT
145092,L23_IT
145121,Astrocytes
145208,Microglia
145293,Oligodendrocytes
145348,L5_IT
145412,Microglia
145459,Endothelial
145563,SMC
145654,L23_IT
145721,Pericytes
145754,L6_CT
145763,L6b
145859,Microglia
145881,L6_CT
145949,SMC
146208,Pericytes
146243,L5_IT
146433,L23_IT
146435,L23_IT
146501,L23_IT
146709,Microglia
146824,Oligodendrocytes
146987,L6_CT
147128,Astrocytes
147159,L45_IT
147177,L6_CT
147380,Astrocytes
147401,Pericytes
147403,L23_IT
147412,Astrocytes
147421,Endothelial
147588,Sst
147604,Vip
147701,L5_IT
147705,L45_IT
147788,L6_IT
147804,L45_IT
147868,L5_PT
147905,Endothelial
147946,L23_IT
147958,Pericytes
147963,L5_IT
148125,L5_IT
148232,L23_IT
148267,VLMC
148281,L5_IT
148354,Astrocytes
148372,L6_CT
148391,L6b
148475,L6_IT
148498,L45_IT
148546,Oligodendrocytes
148640,L6_CT
148665,L6_IT
148708,L6_CT
148787,L6_IT
148824,Oligodendrocytes
148861,L6b
148927,Pvalb
148950,L6_CT
149004,VLMC
149016,L45_IT
149030,L45_IT
149054,VLMC
149195,L6_CT
149214,L5_IT
149219,L6_CT
149533,L23_IT
149559,L45_IT
149598,L23_IT
149666,L45_IT
149683,Astrocytes
149787,L23_IT
149817,Endothelial
149875,Vip
149886,Oligodendrocytes
150031,Oligodendrocytes
150060,L6_IT
150143,L6b
150177,Astrocytes
150222,L23_IT
150271,L6_IT
150307,L45_IT
150366,L6_IT
150411,L23_IT
150573,L45_IT
150575,L45_IT
150648,Pericytes
150674,L23_IT
150711,L5_IT
150879,VLMC
150896,L23_IT
150950,Pericytes
151014,Astrocytes
151018,L23_IT
151094,Astrocytes
151193,L5_IT
151279,L45_IT
151301,L5_IT
151314,Oligodendrocytes
151368,L6_CT
151406,L23_IT
151457,L23_IT
151540,L23_IT
151664,L6_IT
151674,L5_IT
151692,L6_CT
151700,L45_IT
151718,SMC
151749,Sst
151813,L6_CT
151856,Pvalb
151887,Pvalb
151958,L5_IT
152050,L6_CT
152074,Astrocytes
152287,L23_IT
152326,L6_IT
152340,Endothelial
152371,L23_IT
152380,L56_NP
152444,Endothelial
152514,L45_IT
152723,L6_IT
152791,L6_IT
152811,Oligodendrocytes
152826,L56_NP
152902,L45_IT
152948,L45_IT
152969,L45_IT
152978,L5_IT
153078,L45_IT
153106,L6b
153270,Astrocytes
153522,L45_IT
153578,L5_IT
153647,Pericytes
153848,L6_CT
153854,L5_IT
153952,Astrocytes
153977,L5_IT
153987,VLMC
153988,Endothelial
154189,Pvalb
154225,L6_CT
154256,L6_IT
154408,L23_IT
154588,L23_IT
154707,Astrocytes
154812,Pvalb
154816,L6_CT
154854,L23_IT
154862,VLMC
154877,Astrocytes
154899,Endothelial
154975,L56_NP
154994,L6_CT
155112,L5_IT
155147,L6_IT
155195,L23_IT
155396,L5_IT
155425,L6b
155462,L6_CT
155543,Pvalb
155547,L6_IT
155624,Sst_Chodl
155642,L45_IT
155717,L5_IT
155755,L23_IT
155807,L45_IT
155860,L23_IT
155903,Vip
156011,Lamp5
156056,Astrocytes
156142,L5_IT
156147,Vip
156156,L23_IT
156184,L23_IT
156258,Pvalb
156261,Oligodendrocytes
156279,VLMC
156532,L56_NP
156683,Sst
156759,L45_IT
156761,Astrocytes
157071,Endothelial
157210,L6_CT
157258,L23_IT
157265,L5_IT
157275,PVM
157354,Sst
157356,L5_IT
157363,L5_IT
157392,L45_IT
157511,L6_CT
157531,Oligodendrocytes
157564,Astrocytes
157756,Oligodendrocytes
157772,L23_IT
157807,L56_NP
157814,L23_IT
158019,L23_IT
158022,Pvalb
158027,Astrocytes
158039,L45_IT
158047,L23_IT
158185,Astrocytes
158218,Microglia
158237,Oligodendrocytes
158242,L23_IT
158272,L45_IT
158312,L45_IT
158333,L45_IT
158350,L6_CT
158381,Pericytes
158542,SMC
158556,Sst
158713,L6b
158725,L6_IT
158777,Astrocytes
158778,Pvalb
158985,L45_IT
158989,Oligodendrocytes
159044,L5_PT
159111,L6_CT
159124,L5_PT
159138,L6_CT
159147,Endothelial
159263,L23_IT
159322,L6_IT
159366,L56_NP
159480,L5_IT
159491,Oligodendrocytes
159500,L45_IT
159717,L45_IT
159725,L23_IT
159760,L6_IT
160034,L45_IT
160127,L45_IT
160165,L6_IT
160201,L23_IT
160215,L5_IT
160230,OPC
160294,PVM
160393,Oligodendrocytes
160494,L5_IT
160527,Pvalb
160557,Vip
160651,L56_NP
160736,VLMC
160757,L45_IT
160846,L6b
160854,L6_IT
161018,L23_IT
161036,Pvalb
161075,L6_CT
161093,L23_IT
161094,L6_CT
161111,Pvalb
161177,VLMC
161204,L5_IT
161224,L23_IT
161284,L5_PT
161458,L45_IT
161529,OPC
161536,Pvalb
161544,L6_CT
161561,L6_CT
161710,Astrocytes
161742,OPC
161811,L6_CT
162025,Pvalb
162118,L6_CT
162138,L6_CT
162205,L45_IT
162256,L6_CT
162363,Oligodendrocytes
162369,L6_CT
162392,Astrocytes
162443,Endothelial
162588,L23_IT
162748,L5_IT
162783,L5_IT
162869,Endothelial
163113,L6_IT
163219,L6_CT
163242,L5_IT
163299,Pvalb
163315,L56_NP
163336,L6_CT
163370,OPC
163435,Astrocytes
163626,L6_IT
163700,Endothelial
163748,Astrocytes
163757,L5_IT
163860,L45_IT
163924,L45_IT
163977,L6_CT
164017,L6_CT
164022,Endothelial
164075,Pvalb
164090,other
164197,L6_CT
164246,L6_IT
164261,L23_IT
164268,L6_CT
164305,L23_IT
164334,Pvalb
164410,L6_CT
164553,L5_IT
164600,L6_CT
164629,Endothelial
164762,L6_IT
164830,OPC
164840,OPC
164876,Lamp5
165016,Endothelial
165069,OPC
165093,L23_IT
165152,L5_IT
165176,L6_CT
165272,Endothelial
165359,Endothelial
165365,L5_IT
165378,Microglia
165428,Astrocytes
165430,VLMC
165503,L6_CT
165610,L45_IT
165741,L6_CT
165743,Microglia
165938,L6_IT
166161,Lamp5
166164,L6_IT
166229,L6_IT
166240,Microglia
166372,L6_CT
166425,L5_IT
166472,L45_IT
166479,PVM
166601,L5_IT
166718,Endothelial
166748,Endothelial
166809,L45_IT
166813,Oligodendrocytes
166887,L23_IT
166893,L23_IT
167051,L6_CT
167160,L5_IT
167200,Sst_Chodl
167216,Microglia
167223,L5_PT
167333,L5_PT
167346,Pericytes
167372,Oligodendrocytes
167436,PVM
167484,L6_CT
167562,L5_PT
167595,L45_IT
167617,L5_PT
167643,L6_IT
167708,L5_IT
167710,L6_CT
167877,L45_IT
167978,L5_IT
168090,Pericytes
168112,Pericytes
168139,L5_PT
168418,Pvalb
168428,OPC
168480,L56_NP
168631,L6_IT
168752,L23_IT
168756,L5_PT
168772,Oligodendrocytes
168840,Astrocytes
168903,Endothelial
168905,L23_IT
169046,Endothelial
169224,OPC
169273,PVM
169379,Astrocytes
169420,L45_IT
169477,Oligodendrocytes
169557,L6b
169599,Oligodendrocytes
169648,L5_IT
169651,L23_IT
169773,L23_IT
169795,L5_PT
169816,Oligodendrocytes
169913,L23_IT
169944,L6_CT
170036,Astrocytes
170148,L6_CT
170236,L6_CT
170313,SMC
170343,Pericytes
170357,Microglia
170531,L45_IT
170667,L5_IT
170746,L6b
170859,PVM
170891,Endothelial
170895,Endothelial
170937,L23_IT
170974,L6_CT
171017,L45_IT
171202,L5_PT
171414,L5_IT
171416,Pericytes
171478,L45_IT
171539,SMC
171569,Pvalb
171744,Endothelial
171775,OPC
171893,Oligodendrocytes
171899,SMC
171908,L5_IT
171913,Oligodendrocytes
171920,L23_IT
171957,L5_IT
171990,L23_IT
172026,Astrocytes
172140,OPC
172205,Endothelial
172222,L6b
172326,Lamp5
172413,L23_IT
172474,Pericytes
172501,L23_IT
172590,L56_NP
172821,Astrocytes
172828,Endothelial
172844,L45_IT
172853,L5_IT
172934,Microglia
172964,Astrocytes
172997,L6_CT
173096,L45_IT
173103,Astrocytes
173163,Pvalb
173245,L6_CT
173261,Pvalb
173265,L5_IT
173271,L5_IT
173344,L5_PT
173382,L6_IT
173438,Oligodendrocytes
173471,Vip
173497,Pvalb
173521,Vip
173570,L6_CT
173615,L23_IT
173776,Endothelial
173861,Astrocytes
174035,L5_IT
174166,Sst
174210,L45_IT
174229,L6_CT
174336,L6_IT
174491,L6_CT
174495,Pvalb
174498,L5_PT
174574,L45_IT
174721,Oligodendrocytes
174775,Pericytes
174839,L5_PT
174852,L23_IT
174870,L45_IT
175032,L5_IT
175253,L6_CT
175279,L5_IT
175291,L6_CT
175301,Endothelial
175328,L23_IT
175441,L23_IT
175448,L45_IT
175627,L45_IT
175848,Microglia
175899,L23_IT
176134,L6_CT
176167,Sst
176207,L23_IT
176434,Astrocytes
176458,Pvalb
176494,Oligodendrocytes
176514,L23_IT
176544,Oligodendrocytes
176638,L23_IT
176717,L6b
176775,L45_IT
176824,Pericytes
176847,L23_IT
177007,Astrocytes
177150,L23_IT
177163,L6_CT
177274,L6_CT
177307,L6_CT
177374,Oligodendrocytes
177426,Astrocytes
177507,Oligodendrocytes
177580,Oligodendrocytes
177615,L23_IT
177648,L23_IT
177673,Astrocytes
177753,L5_IT
177792,L6_CT
177848,L6_IT
177875,L23_IT
177932,Pericytes
177993,L45_IT
178008,Endothelial
178029,VLMC
178053,L23_IT
178060,L23_IT
178220,L23_IT
178305,L6_IT
178306,L6_IT
178372,Endothelial
178433,L23_IT
178476,L45_IT
178673,L5_IT
178730,Microglia
178771,L6_IT
179060,L56_NP
179065,Vip
179266,L56_NP
179278,L5_PT
179294,L45_IT
179338,Oligodendrocytes
179374,Oligodendrocytes
179456,L23_IT
179513,Astrocytes
179585,L6_IT
179634,L5_IT
179709,L6_CT
179717,L6_CT
179801,Lamp5
179819,Astrocytes
179833,L6_CT
179843,L5_IT
179848,L23_IT
179987,L23_IT
179991,L5_PT
180004,L5_PT
180019,L6_IT
180038,L45_IT
180080,Oligodendrocytes
180242,L23_IT
180326,VLMC
180426,L5_IT
180439,Oligodendrocytes
180542,L23_IT
180637,L6_CT
180707,L5_IT
180766,VLMC
180770,Oligodendrocytes
180771,L6_IT
180807,Lamp5
180833,Endothelial
180919,Astrocytes
181187,Oligodendrocytes
181215,Oligodendrocytes
181258,L45_IT
181302,L6_CT
181393,L5_PT
181400,Astrocytes
181403,Sst
181540,VLMC
181605,Astrocytes
181675,Oligodendrocytes
181757,Astrocytes
181797,Endothelial
181864,Oligodendrocytes
181876,L5_PT
181909,Pericytes
182143,VLMC
182181,L5_PT
182197,Astrocytes
182244,L6_CT
182336,L23_IT
182562,Oligodendrocytes
182637,L6_CT
182681,Oligodendrocytes
182717,Microglia
182743,Microglia
182745,Sncg
182801,L45_IT
182809,L23_IT
182893,PVM
182911,L23_IT
182932,L23_IT
182969,L6_CT
183007,Oligodendrocytes
183178,Astrocytes
183192,Endothelial
183283,Oligodendrocytes
183380,Astrocytes
183407,L23_IT
183417,L5_IT
183426,L6_CT
183450,Oligodendrocytes
183506,L23_IT
183541,L45_IT
183613,Endothelial
183661,L6_CT
183685,L5_IT
183738,Endothelial
183776,L23_IT
183865,PVM
183953,L5_PT
184011,L23_IT
184168,Lamp5
184359,L23_IT
184488,L6_CT
184657,Endothelial
184683,Endothelial
184776,L5_IT
184779,Astrocytes
184849,L6_CT
184885,Astrocytes
184887,Oligodendrocytes
184895,L6_CT
184912,Vip
185113,L6_IT
185123,VLMC
185200,OPC
185218,Pvalb
185340,Astrocytes
185373,L23_IT
185440,Endothelial
185441,L5_PT
185447,L5_PT
185465,Sst
185528,Microglia
185770,L6_CT
185797,L6_IT
185816,Oligodendrocytes
186063,PVM
186078,L6_CT
186161,L5_IT
186170,L6_CT
186257,L45_IT
186356,L6_CT
186456,Endothelial
186570,L6_CT
186581,Oligodendrocytes
186648,L45_IT
186781,SMC
186806,Pericytes
186893,Pvalb
186912,L6_CT
187049,SMC
187115,L6_CT
187128,OPC
187250,L23_IT
187252,Oligodendrocytes
187291,L5_IT
187364,Oligodendrocytes
187389,L5_IT
187713,Pvalb
187726,Endothelial
187770,L6_CT
187852,L6_CT
187932,L5_IT
187958,Microglia
188001,Astrocytes
188046,L6_IT
188096,L6_CT
188109,Astrocytes
188195,L6_CT
188420,L6_CT
188452,Astrocytes
188492,Oligodendrocytes
188497,Endothelial
188499,L6_CT
188529,L5_IT
188531,L23_IT
188557,L6_CT
188644,SMC
188667,OPC
188681,L5_IT
188726,Astrocytes
188748,VLMC
188768,Endothelial
188936,Oligodendrocytes
188956,VLMC
188959,Astrocytes
188971,L23_IT
189004,Pericytes
189088,L23_IT
189095,L23_IT
189166,Vip
189182,L45_IT
189193,Endothelial
189354,L6_IT
189443,Pvalb
189548,Astrocytes
189676,L45_IT
189693,Pvalb
189722,OPC
189753,L23_IT
189757,Endothelial
189891,Endothelial
190026,VLMC
190333,L5_IT
190346,SMC
190383,L6_IT
190392,L45_IT
190401,L5_IT
190549,Astrocytes
190648,Microglia
190793,L6_CT
190912,L45_IT
190922,L5_IT
191008,L6_IT
191034,Pvalb
191037,L45_IT
191118,Astrocytes
191199,L5_IT
191281,L23_IT
191425,L6_CT
191581,L6_IT
191654,Astrocytes
191655,L6_CT
191716,L6_IT
191796,L23_IT
191802,Lamp5
191881,L56_NP
191906,L6_CT
191917,other
192005,L5_IT
192010,Pvalb
192133,L5_PT
192173,Astrocytes
192207,Oligodendrocytes
192264,Lamp5
192272,L6_CT
192285,Endothelial
192307,Endothelial
192439,L6_CT
192496,L23_IT
192507,L23_IT
192510,L45_IT
192571,L45_IT
192608,L23_IT
192831,L45_IT
192912,Endothelial
192969,OPC
192985,L5_PT
193093,L45_IT
193135,L6_CT
193184,VLMC
193306,OPC
193450,L5_IT
193452,L6_IT
193469,Astrocytes
193512,Endothelial
193513,Endothelial
193542,VLMC
193821,L45_IT
194088,L5_IT
194093,L6_CT
194187,Oligodendrocytes
194201,Pvalb
194233,L6_CT
194256,L6_IT
194274,L56_NP
194492,L23_IT
194682,L6_CT
194704,Endothelial
194762,VLMC
194813,L6_CT
194828,Oligodendrocytes
194857,L5_PT
194977,Lamp5
195043,Astrocytes
195061,L5_IT
195086,Endothelial
195100,L5_PT
195146,Pvalb
195163,Pvalb
195167,Oligodendrocytes
195206,L6_CT
195229,Endothelial
195322,Sst
195436,L45_IT
195440,Pericytes
195467,Microglia
195544,Astrocytes
195560,L45_IT
195579,L5_PT
195632,L23_IT
195633,L6b
195743,Astrocytes
195920,Pvalb
195927,L6_CT
196067,Endothelial
196115,L6_CT
196182,L23_IT
196576,Oligodendrocytes
196700,L6_CT
196778,Endothelial
197051,L6_CT
197057,Endothelial
197218,Pvalb
197220,L6_CT
197501,other
197565,L56_NP
197653,L6_IT
197771,Astrocytes
197782,L6_CT
197791,Astrocytes
197797,Oligodendrocytes
197841,L6_CT
197882,L56_NP
197917,L45_IT
198016,L23_IT
198030,Astrocytes
198049,OPC
198064,L5_PT
198089,L6b
198110,OPC
198221,Astrocytes
198246,L23_IT
198288,L45_IT
198319,L6_CT
198448,Endothelial
198459,L45_IT
198528,Endothelial
198548,L6_IT
198587,L5_PT
198591,L6_IT
198599,L56_NP
198603,L6_CT
198720,Pvalb
198745,L6_IT
198769,Lamp5
198805,Astrocytes
198816,Lamp5
198830,L23_IT
198852,L6_CT
198906,SMC
198937,L45_IT
198985,L23_IT
198987,Microglia
199025,L5_IT
199034,Pericytes
199043,L5_PT
199067,Astrocytes
199086,Astrocytes
199141,Astrocytes
199282,L45_IT
199300,L6_IT
199432,L23_IT
199610,Oligodendrocytes
199702,Astrocytes
199742,Microglia
199780,Astrocytes
199910,L5_IT
199924,VLMC
200019,Endothelial
200020,L23_IT
200061,Microglia
200066,L6_CT
200118,L6_IT
200130,L6_IT
200239,Endothelial
200268,L6_CT
200316,Astrocytes
200326,L45_IT
200438,L6_IT
200469,L6b
200558,L5_IT
200564,Oligodendrocytes
200605,L5_IT
200699,L45_IT
200733,L23_IT
200810,L56_NP
200887,Endothelial
200907,Endothelial
200953,L45_IT
201108,L6_IT
201128,Pericytes
201191,VLMC
201259,Endothelial
201311,Oligodendrocytes
201335,OPC
201420,L23_IT
201438,Astrocytes
201443,L45_IT
201451,Endothelial
201500,L23_IT
201596,L23_IT
201647,L23_IT
201671,Pericytes
201720,L5_PT
201772,L5_PT
201850,L45_IT
201991,Sst
202070,Astrocytes
202110,L6_IT
202293,Oligodendrocytes
202455,L6_CT
202575,Microglia
202656,Pericytes
202658,L23_IT
202724,Oligodendrocytes
202756,L6b
202836,L5_PT
202854,L23_IT
202885,Oligodendrocytes
202964,L6_CT
202994,Pvalb
202998,L5_IT
203141,OPC
203174,Oligodendrocytes
203247,Endothelial
203287,Endothelial
203334,Pvalb
203431,L45_IT
203483,L23_IT
203505,L23_IT
203520,Endothelial
203524,L6_CT
203537,Pvalb
203625,L6_CT
203892,Endothelial
203938,L6_IT
203945,Oligodendrocytes
204041,L5_IT
204101,L6b
204123,L5_IT
204172,Astrocytes
204195,L23_IT
204291,L23_IT
204317,L6_CT
204333,L6_CT
204347,Oligodendrocytes
204410,L23_IT
204440,Oligodendrocytes
204563,L6_CT
204607,L6_CT
204626,Astrocytes
204644,L23_IT
204663,L23_IT
204730,OPC
204745,L6_CT
204758,Astrocytes
204882,Pericytes
204902,L6_CT
204945,L23_IT
204969,Pericytes
204976,Endothelial
205072,L23_IT
205145,Pvalb
205156,Astrocytes
205183,VLMC
205213,Endothelial
205241,L6_CT
205317,L23_IT
205371,Endothelial
205376,Sst
205522,Pvalb
205604,Pericytes
205674,L23_IT
205696,L45_IT
205725,OPC
205828,Endothelial
205927,L6_IT
205952,L5_IT
206053,L45_IT
206068,OPC
206092,L5_PT
206098,L6_CT
206116,L23_IT
206131,Oligodendrocytes
206150,Oligodendrocytes
206312,OPC
206401,L6b
206510,L23_IT
206579,L6_CT
206612,Oligodendrocytes
206681,Astrocytes
206744,Microglia
206752,Astrocytes
206757,OPC
206794,L6b
206829,L56_NP
206846,L6_CT
206944,PVM
207027,Pvalb
207038,L23_IT
207042,Endothelial
207155,L56_NP
207218,L23_IT
207264,Microglia
207312,Astrocytes
207318,Oligodendrocytes
207422,L6_IT
207466,Oligodendrocytes
207474,Pericytes
207498,L45_IT
207561,Astrocytes
207634,L45_IT
207684,L23_IT
207787,L6_CT
207886,L6_CT
208080,Endothelial
208113,OPC
208325,Endothelial
208423,L6_CT
208541,L6b
208546,L23_IT
208614,L5_IT
208685,VLMC
208728,L6_IT
208772,Sst
208881,L45_IT
209277,L56_NP
209320,Astrocytes
209431,L6_IT
209432,L6_CT
209451,L5_IT
209497,L5_PT
209636,Astrocytes
209720,L45_IT
209789,L45_IT
209810,L6_CT
209866,Sst
209915,Endothelial
209943,L23_IT
210094,L6_CT
210103,L6_IT
210112,L6_IT
210144,L5_PT
210171,Oligodendrocytes
210196,L5_PT
210307,Pvalb
210312,Astrocytes
210510,L23_IT
210532,Endothelial
210636,Astrocytes
210856,L5_IT
210894,L23_IT
210904,Endothelial
210946,L45_IT
211001,L6_CT
211040,L6_CT
211076,Astrocytes
211084,L45_IT
211157,L23_IT
211158,L6b
211166,Oligodendrocytes
211216,Oligodendrocytes
211301,Astrocytes
211332,L6_CT
211355,L23_IT
211521,Oligodendrocytes
211565,Astrocytes
211590,L6_IT
211641,Pvalb
211664,L6_CT
211682,L5_IT
211765,OPC
211772,Astrocytes
211799,L5_IT
211894,Endothelial
211998,L6_CT
212149,Endothelial
212193,L5_IT
212208,L6_IT
212214,VLMC
212240,L45_IT
212256,Oligodendrocytes
212384,Pericytes
212429,L23_IT
212520,L23_IT
212640,Astrocytes
212660,Pericytes
212675,L23_IT
212712,L23_IT
212788,L45_IT
212830,Pericytes
212905,L5_IT
213168,Endothelial
213454,Oligodendrocytes
213502,Endothelial
213642,Pericytes
213651,L23_IT
213724,L5_IT
213730,Endothelial
213747,Astrocytes
213913,Endothelial
213972,L5_IT
213998,L5_IT
214045,Astrocytes
214153,Microglia
214160,Microglia
214169,Sst
214212,Oligodendrocytes
214216,L23_IT
214263,L23_IT
214297,Endothelial
214333,L45_IT
214351,L6_CT
214374,Sst
214387,L6_IT
214397,Endothelial
214545,Sst
214575,Oligodendrocytes
214709,L56_NP
214731,Oligodendrocytes
214997,Pericytes
215003,Pvalb
215018,L6_CT
215037,L23_IT
215122,Oligodendrocytes
215217,L23_IT
215237,Pericytes
215239,L56_NP
215254,Astrocytes
215310,L45_IT
215344,Pericytes
215531,L6_IT
215608,L23_IT
215726,L6_CT
215816,Pvalb
215842,Oligodendrocytes
215938,Astrocytes
215971,L5_PT
216004,L5_IT
216065,Astrocytes
216085,L6_IT
216103,Vip
216115,Astrocytes
216197,Pericytes
216199,Endothelial
216320,L6_CT
216445,L56_NP
216527,L45_IT
216538,Pvalb
216631,L6_CT
216696,L5_IT
216723,Endothelial
216798,Lamp5
216995,L5_IT
217079,Lamp5
217087,OPC
217097,Astrocytes
217356,L23_IT
217366,L23_IT
217380,L6b
217388,PVM
217440,Sst
217520,Pericytes
217727,Oligodendrocytes
217758,L23_IT
217874,Pericytes
217878,Astrocytes
217921,L23_IT
217952,SMC
218021,SMC
218028,L6_CT
218044,L6_IT
218104,L6_CT
218137,VLMC
218151,SMC
218336,L6_IT
218371,VLMC
218527,L23_IT
218568,L23_IT
218697,Endothelial
218794,L6_CT
218814,Pericytes
218816,Oligodendrocytes
218842,L6_IT
218853,L6_CT
218991,L5_IT
219041,Pericytes
219074,Endothelial
219097,L5_IT
219275,Vip
219280,L6_IT
219319,L6_CT
219376,L5_IT
219396,Astrocytes
219504,L45_IT
219556,Endothelial
219636,Oligodendrocytes
219675,Astrocytes
219688,L6_IT
219689,Endothelial
219694,Astrocytes
219880,Oligodendrocytes
219882,Astrocytes
219886,L45_IT
219944,Endothelial
220028,Sst
220112,L23_IT
220129,L6b
220202,L5_IT
220211,L5_IT
220322,L23_IT
220327,L23_IT
220373,L6_IT
220397,L6_CT
220452,L5_IT
220569,L6_CT
220598,L6_IT
220754,L6_IT
220870,Oligodendrocytes
221075,L6_IT
221177,L45_IT
221206,Astrocytes
221243,L23_IT
221305,L45_IT
221428,L6_CT
221497,L6_IT
221528,Pvalb
221611,OPC
221635,Endothelial
221699,L45_IT
221756,L23_IT
221914,L5_PT
221915,L6_IT
221949,Lamp5
222023,Astrocytes
222042,Vip
222078,L6_CT
222152,Pvalb
222172,L45_IT
222205,L5_IT
222292,Astrocytes
222347,L23_IT
222571,Pericytes
222650,Astrocytes
222661,Pvalb
222702,L5_PT
222781,Endothelial
222823,L45_IT
222900,Endothelial
222939,L23_IT
223027,Astrocytes
223044,L5_IT
223057,SMC
223064,L6_CT
223086,Oligodendrocytes
223145,OPC
223158,Microglia
223227,L6_CT
223340,Oligodendrocytes
223369,L5_PT
223580,Pvalb
223583,L23_IT
223689,L6_IT
223708,L5_IT
223714,L23_IT
223726,Astrocytes
223790,Astrocytes
223851,L45_IT
223958,Sst_Chodl
224067,L45_IT
224144,L6_CT
224215,L23_IT
224283,L5_IT
224400,L5_PT
224452,OPC
224492,Microglia
224569,L6_CT
224641,L45_IT
224653,Astrocytes
224697,L23_IT
224712,Sst
224754,VLMC
224757,L23_IT
224793,L6_CT
224909,Astrocytes
224920,L6_CT
224996,L5_IT
225088,L6_IT
225115,Microglia
225189,L23_IT
225201,Oligodendrocytes
225205,L45_IT
225212,L6_CT
225222,Astrocytes
225436,L6_CT
225486,Microglia
225516,L6_CT
225689,Endothelial
225693,L23_IT
225749,L6b
225796,Vip
225847,L45_IT
225956,L5_IT
225963,Astrocytes
226181,L6_CT
226261,L23_IT
226390,L23_IT
226428,Pvalb
226530,VLMC
226546,Pvalb
226574,L56_NP
226583,OPC
226674,Sst
226688,L45_IT
226808,Endothelial
226893,Vip
227079,L6_CT
227195,Astrocytes
227260,Pericytes
227487,VLMC
227641,L5_IT
227742,L23_IT
227753,L5_IT
227830,L6_IT
227840,L45_IT
227905,Pericytes
227919,OPC
227977,L23_IT
227987,L23_IT
228040,SMC
228163,SMC
228165,Oligodendrocytes
228230,L23_IT
228394,L6_IT
228542,Endothelial
228552,L6b
228567,Endothelial
228574,Endothelial
228597,VLMC
228599,L23_IT
228606,L6_IT
228614,L5_PT
228704,Pvalb
228708,Lamp5
228712,Astrocytes
228818,Pericytes
228983,L5_IT
228996,L5_IT
229056,Endothelial
229071,Oligodendrocytes
229097,Oligodendrocytes
229145,L6_CT
229202,Endothelial
229251,Astrocytes
229293,L6_CT
229321,OPC
229346,L6_IT
229476,Endothelial
229483,L6_CT
229487,L45_IT
229492,Endothelial
229537,L45_IT
229734,L5_IT
229882,L5_IT
229981,L5_IT
229988,L6_CT
229990,L5_PT
230060,other
230230,Oligodendrocytes
230365,L45_IT
230375,L5_IT
230428,L23_IT
230495,Oligodendrocytes
230525,OPC
230617,Pericytes
231011,Endothelial
231192,OPC
231317,L23_IT
231366,Astrocytes
231387,L23_IT
231481,Pvalb
231557,Astrocytes
231586,L6_CT
231595,Microglia
231597,L5_IT
231634,Microglia
231668,L5_PT
231714,L45_IT
231921,L6_CT
231998,Astrocytes
232017,L5_PT
232046,L23_IT
232070,L5_PT
232092,Endothelial
232152,L45_IT
232200,L45_IT
232249,L5_PT
232486,Pericytes
232541,L6_CT
232544,L6_IT
232630,Oligodendrocytes
232863,L6_CT
232932,Pericytes
232934,OPC
232953,Astrocytes
232963,L6_CT
233144,L45_IT
233151,Lamp5
233218,L6_IT
233278,Oligodendrocytes
233413,Oligodendrocytes
233507,VLMC
233652,Pericytes
233673,L6_CT
233700,Endothelial
233792,L5_PT
233834,Astrocytes
233872,Oligodendrocytes
233902,L45_IT
233954,L6_CT
234040,Astrocytes
234047,L23_IT
234057,L6_IT
234122,L23_IT
234276,Endothelial
234436,Lamp5
234502,Endothelial
234664,L6_IT
234736,L6_IT
234749,Oligodendrocytes
234864,L5_IT
234905,Endothelial
234920,Pvalb
234964,Endothelial
235112,Endothelial
235209,L5_IT
235287,L5_IT
235300,Endothelial
235326,OPC
235343,OPC
235361,L6_CT
235397,Microglia
235507,L23_IT
235513,L23_IT
235626,L5_IT
235660,Lamp5
235718,Oligodendrocytes
235830,L5_PT
235966,L45_IT
235980,L6_IT
236062,L23_IT
236209,L45_IT
236282,Microglia
236675,L6_CT
236759,SMC
236783,OPC
236785,Microglia
236819,L6b
236878,L5_IT
236881,Pericytes
236893,L5_IT
236946,OPC
236981,L45_IT
237088,L6_CT
237312,L6_CT
237338,L6_CT
237421,VLMC
237477,L23_IT
237586,L6_CT
237593,Endothelial
237617,L6_IT
237618,L45_IT
237675,Vip
237699,Astrocytes
237711,VLMC
237752,Endothelial
237764,L56_NP
237825,L6_CT
237836,L23_IT
237883,Astrocytes
238010,L5_PT
238270,L6_IT
238298,Astrocytes
238347,L23_IT
238373,L6_IT
238388,L23_IT
238477,L6_CT
238490,Pericytes
238531,L6_CT
238648,L5_PT
238763,Endothelial
238768,L45_IT
238830,Microglia
238880,L23_IT
239114,OPC
239212,Pericytes
239261,L45_IT
239283,L5_IT
239328,L45_IT
239334,Oligodendrocytes
239402,Oligodendrocytes
239431,L6_CT
239449,L6_CT
239453,L5_PT
239570,Oligodendrocytes
239574,Endothelial
239621,Astrocytes
239862,Microglia
239878,Astrocytes
239900,Astrocytes
239901,L23_IT
239953,L6_CT
239963,L6_CT
240076,L6_CT
240229,Endothelial
240244,L45_IT
240299,L45_IT
240368,Oligodendrocytes
240427,Oligodendrocytes
240434,Microglia
240455,L45_IT
240489,L6_CT
240549,L5_IT
240562,L45_IT
240567,L5_IT
240589,L6_IT
240677,L5_IT
240788,L6_CT
240830,Microglia
240838,Astrocytes
241122,L45_IT
241290,L23_IT
241315,Endothelial
241333,Lamp5
241372,L6_IT
241432,L6_CT
241436,L56_NP
241448,Astrocytes
241461,Astrocytes
241502,L23_IT
241513,L45_IT
241517,Astrocytes
241573,Vip
241579,L6_CT
241583,Astrocytes
241617,Endothelial
241690,Pericytes
241716,L5_PT
241719,L45_IT
241720,Astrocytes
241839,Pericytes
241870,L23_IT
241989,OPC
241990,Microglia
241993,Endothelial
242026,L6_CT
242148,L6_CT
242514,Oligodendrocytes
242701,L6_CT
242703,Astrocytes
242732,L6_IT
242764,L56_NP
242859,VLMC
242994,L23_IT
243079,L6_CT
243127,Microglia
243264,L23_IT
243283,L6_CT
243387,L45_IT
243595,L6b
243638,L45_IT
243651,Microglia
243704,Microglia
243752,L23_IT
243802,Astrocytes
243873,L23_IT
243911,Pvalb
243921,Astrocytes
243967,L5_IT
243988,L45_IT
244096,L23_IT
244136,Astrocytes
244137,L5_PT
244202,Pericytes
244248,Microglia
244297,OPC
244313,Astrocytes
244435,Astrocytes
244453,VLMC
244524,L6_CT
244542,L23_IT
244622,Sst
244624,L45_IT
244693,L23_IT
244742,OPC
244753,Endothelial
244814,L23_IT
244821,L6_CT
244867,Endothelial
244950,L6b
244993,L6_CT
245059,L6_IT
245132,L6_CT
245157,Microglia
245158,L5_IT
245310,L6_CT
245347,Microglia
245362,L6b
245364,PVM
245453,Pericytes
245503,Oligodendrocytes
245632,L5_PT
245635,Astrocytes
245720,L6_IT
245897,Oligodendrocytes
246086,other
246223,L23_IT
246237,Oligodendrocytes
246382,L23_IT
246485,L23_IT
246493,L45_IT
246511,Pvalb
246519,L5_IT
246549,L6_CT
246551,L6_IT
246585,L6_CT
246643,OPC
246757,L45_IT
246783,Sst
247014,Astrocytes
247214,Oligodendrocytes
247317,L23_IT
247472,L45_IT
247500,L6_CT
247519,OPC
247590,Astrocytes
247713,Microglia
247752,L23_IT
247859,Oligodendrocytes
248044,L5_IT
248125,L23_IT
248132,L6_CT
248173,L6_IT
248213,L5_IT
248253,PVM
248258,L6_IT
248436,Oligodendrocytes
248480,L6_CT
248490,Oligodendrocytes
248557,L6b
248568,OPC
248628,L23_IT
248637,L56_NP
248664,L23_IT
248665,Oligodendrocytes
248781,L6_CT
248914,L45_IT
248994,L6_CT
249035,L5_IT
249073,L45_IT
249106,Astrocytes
249118,Oligodendrocytes
249249,L6_CT
249377,Astrocytes
249378,L23_IT
249396,L23_IT
249495,Oligodendrocytes
249500,Endothelial
249586,Oligodendrocytes
249599,Endothelial
249626,L6_CT
249633,L6_CT
249807,Vip
249838,Lamp5
249882,L6_IT
249913,L23_IT
249935,Astrocytes
250017,L6_CT
250179,L23_IT
250203,L6_CT
250212,L45_IT
250243,Endothelial
250457,L6_IT
250478,L23_IT
250600,L23_IT
250691,Astrocytes
250799,L5_IT
250828,L6b
250838,Oligodendrocytes
250907,L23_IT
250933,Pericytes
251012,L23_IT
251144,L6_CT
251145,Microglia
251159,Astrocytes
251274,Pericytes
251285,Astrocytes
251385,Oligodendrocytes
251397,Astrocytes
251542,L6_CT
251650,L5_IT
251770,L5_PT
251773,L23_IT
251816,L45_IT
251832,Sst
251884,Astrocytes
252001,L45_IT
252017,L23_IT
252040,Oligodendrocytes
252043,L5_PT
252100,Endothelial
252241,L5_IT
252355,L23_IT
252391,other
252415,L6_IT
252456,Astrocytes
252559,L6_CT
252578,L23_IT
252630,L5_PT
252680,L6_CT
252764,L45_IT
252806,L23_IT
252901,L6b
252974,L6_CT
253068,VLMC
253204,Pvalb
253263,L45_IT
253273,L5_IT
253401,Microglia
253409,other
253503,Endothelial
253547,Oligodendrocytes
253660,L45_IT
253693,L6_IT
253734,L6_CT
253739,Lamp5
253780,L5_IT
253807,Sncg
253836,Endothelial
253884,Endothelial
254032,SMC
254087,Endothelial
254127,Endothelial
254144,VLMC
254163,Oligodendrocytes
254200,Astrocytes
254242,L6_CT
254349,Astrocytes
254456,Endothelial
254504,L5_IT
254526,L23_IT
254567,L6_CT
254602,L45_IT
254657,Pericytes
254664,L6_IT
254716,L23_IT
254726,L45_IT
254760,Endothelial
254927,L6_CT
254965,Oligodendrocytes
255008,OPC
255074,Astrocytes
255091,L45_IT
255138,Sst
255396,Pvalb
255413,L6_CT
255479,L6_CT
255590,PVM
255684,Astrocytes
255793,L5_IT
255974,Astrocytes
256047,VLMC
256168,L23_IT
256361,L56_NP
256434,VLMC
256436,L45_IT
256440,L23_IT
256441,L6_IT
256461,L6_CT
256470,L5_PT
256548,L23_IT
256567,Endothelial
256605,Pvalb
256614,L6_CT
256636,Sst
256652,L5_PT
256677,L45_IT
256726,L45_IT
256828,Pvalb
256848,Vip
256849,Lamp5
256967,L5_IT
257038,L45_IT
257081,Lamp5
257086,L6_IT
257103,L23_IT
257107,Oligodendrocytes
257119,L45_IT
257152,Oligodendrocytes
257205,L6_CT
257264,L45_IT
257313,Pvalb
257328,Oligodendrocytes
257519,Oligodendrocytes
257553,Oligodendrocytes
257675,Endothelial
257676,L23_IT
257679,L5_IT
257758,L23_IT
257913,VLMC
257963,L45_IT
257981,Sst
258007,L5_IT
258019,L6_IT
258031,L45_IT
258036,L5_IT
258092,Astrocytes
258110,Astrocytes
258120,Pvalb
258132,Oligodendrocytes
258144,L6b
258147,Astrocytes
258197,L23_IT
258224,Sst
258288,L6b
258337,Astrocytes
258435,L6_IT
258538,Pvalb
258563,L23_IT
258567,Pvalb
258703,L23_IT
258729,Endothelial
258805,L6_IT
258811,Astrocytes
258915,L6_CT
259054,PVM
259168,L5_PT
259194,L23_IT
259202,Endothelial
259288,L23_IT
259335,L6b
259460,L6_CT
259463,L6_CT
259533,SMC
259575,Oligodendrocytes
259660,Astrocytes
259679,L5_IT
259685,Microglia
259714,Endothelial
259757,OPC
259777,L6_CT
259803,Pvalb
259887,Oligodendrocytes
259892,L5_PT
259971,L6_CT
259999,L6_IT
260039,Astrocytes
260040,L5_IT
260049,Endothelial
260061,Sst
260140,Oligodendrocytes
260255,L6_IT
260313,L23_IT
260479,L23_IT
260511,Pvalb
260574,L5_IT
260669,Endothelial
260709,L45_IT
260727,L23_IT
260909,OPC
260922,Astrocytes
261022,L5_IT
261093,L5_IT
261099,Pericytes
261125,L5_IT
261203,Astrocytes
261292,Microglia
261391,L45_IT
261404,L5_PT
261597,L45_IT
261661,L23_IT
261815,L45_IT
261932,Oligodendrocytes
261943,L6_IT
261954,Endothelial
261990,OPC
262119,SMC
262129,Pericytes
262223,Oligodendrocytes
262277,L6_CT
262299,L23_IT
262301,Oligodendrocytes
262483,Oligodendrocytes
262485,L6_CT
262528,L56_NP
262590,Astrocytes
262631,Endothelial
262878,L56_NP
262899,L6_CT
262903,L6_IT
262970,L23_IT
263039,L45_IT
263068,L5_IT
263092,L6_CT
263199,L23_IT
263263,L5_IT
263320,L6_IT
263327,Astrocytes
263431,L56_NP
263600,L23_IT
263606,L6_CT
263631,Oligodendrocytes
263722,L6_CT
263783,L6_CT
263938,Vip
263942,Pericytes
264021,L5_PT
264114,Endothelial
264129,Endothelial
264160,Vip
264214,L45_IT
264292,Microglia
264434,Pvalb
264529,OPC
264692,Astrocytes
264752,Astrocytes
264776,L5_IT
264919,Lamp5
264920,L5_IT
264924,Microglia
265067,L6_CT
265103,Oligodendrocytes
265172,L6_CT
265242,OPC
265293,L23_IT
265311,Astrocytes
265343,Microglia
265467,Oligodendrocytes
265583,Pvalb
265639,Endothelial
265683,Vip
265703,Pvalb
265717,Endothelial
265755,L6_CT
265782,Pericytes
265820,L6_CT
265904,Sst
265996,L45_IT
266035,L6b
266124,SMC
266187,L6b
266265,Endothelial
266405,L5_IT
266482,L6_CT
266497,OPC
266571,L23_IT
266585,L6_IT
266632,L6_CT
266641,Endothelial
266687,L6_CT
266732,L6b
266753,Microglia
266785,L45_IT
266802,L23_IT
266828,Oligodendrocytes
266938,Endothelial
266940,VLMC
266953,L6_CT
266994,L6_IT
266995,Oligodendrocytes
267040,Endothelial
267064,L45_IT
267145,Astrocytes
267176,Astrocytes
267199,Astrocytes
267207,VLMC
267288,L45_IT
267322,Oligodendrocytes
267365,Endothelial
267383,L5_IT
267554,L5_IT
267607,Astrocytes
267721,L45_IT
267747,OPC
267890,Endothelial
267974,L45_IT
268187,L23_IT
268313,Endothelial
268330,L6_IT
268460,Endothelial
268642,Vip
268720,Astrocytes
268730,Pvalb
268733,L6_IT
268820,L6_CT
268862,L6_CT
268875,L23_IT
268910,OPC
269014,Oligodendrocytes
269240,L45_IT
269266,L45_IT
269296,L45_IT
269455,Endothelial
269587,L6_CT
269653,Microglia
269681,L45_IT
269741,L23_IT
269893,L5_IT
269947,Pvalb
269977,Microglia
270057,Microglia
270140,L6_CT
270309,Pericytes
270336,L6_CT
270369,L6_CT
270396,Endothelial
270432,L45_IT
270441,OPC
270458,VLMC
270501,L23_IT
270534,L5_IT
270549,OPC
270597,Oligodendrocytes
270716,VLMC
270822,Sst
270835,OPC
270905,Astrocytes
270950,L6_IT
270971,Pericytes
270983,Pvalb
271070,L23_IT
271190,Endothelial
271212,L6_CT
271242,L5_IT
271267,VLMC
271441,Astrocytes
271585,L45_IT
271765,Microglia
271787,L5_IT
271805,Endothelial
271824,Vip
271861,Oligodendrocytes
271873,Astrocytes
272036,Endothelial
272178,L5_IT
272338,L23_IT
272359,L56_NP
272386,Endothelial
272623,Microglia
272656,L6b
272713,Endothelial
272724,L23_IT
272778,L23_IT
272967,L6_CT
272999,L45_IT
273049,L6_IT
273052,L23_IT
273056,Astrocytes
273071,OPC
273080,L45_IT
273131,Endothelial
273132,L6_CT
273296,L23_IT
273330,Endothelial
273349,Endothelial
273382,Pericytes
273391,VLMC
273492,Oligodendrocytes
273511,Pvalb
273553,Endothelial
273621,Lamp5
273647,L45_IT
273653,Endothelial
273655,Sst
273675,L6_IT
273683,L6_CT
273697,L5_IT
273753,Astrocytes
273851,L6_CT
273903,Pvalb
273927,L5_IT
273984,L6_CT
274070,L23_IT
274084,L6_IT
274112,L6_CT
274181,L45_IT
274256,L6_CT
274270,L6_CT
274281,Pvalb
274325,VLMC
274378,L45_IT
274417,Oligodendrocytes
274440,L23_IT
274465,L6_CT
274539,Sst
274605,L45_IT
274616,L23_IT
274783,Sncg
274819,L5_IT
274838,L45_IT
274908,Oligodendrocytes
274940,Oligodendrocytes
274998,Microglia
275085,L6_CT
275199,OPC
275249,L23_IT
275257,L23_IT
275260,OPC
275358,PVM
275362,L5_IT
275370,PVM
275388,Sst
275389,L6_CT
275659,L45_IT
275663,L6_CT
275702,VLMC
275771,Sst
275803,L23_IT
276011,Oligodendrocytes
276020,L5_IT
276031,Vip
276198,Microglia
276211,L5_PT
276320,L6_CT
276355,L6_CT
276460,L5_IT
276490,L6_CT
276682,Pericytes
276727,L6_CT
276745,L5_PT
276838,L6b
277060,Astrocytes
277113,Pericytes
277178,L6_CT
277202,L5_PT
277358,Astrocytes
277545,Pericytes
277556,L6_CT
277567,L6_CT
277731,L6_CT
277803,Astrocytes
277814,L5_IT
277841,Endothelial
277903,L45_IT
277921,Pvalb
278029,L6_CT
278077,Oligodendrocytes
278094,Astrocytes
278140,Endothelial
278165,L6b
278221,L6_CT
278253,L6_CT
278445,L5_IT
278565,L5_PT
278568,Pericytes
278571,PVM
278628,L6_CT
278648,Endothelial
278683,L45_IT
278747,L45_IT
278792,L45_IT
278866,L6_CT
278867,L45_IT
278915,L5_IT
279123,VLMC
279217,Astrocytes
279263,L6_CT
279266,L5_IT
279310,Astrocytes
279379,Endothelial
279504,L6_CT
279682,L6_IT
279735,Oligodendrocytes
279753,L6_IT
279796,L6_CT
279995,VLMC
279998,L6_IT
280155,L6_CT
280235,Pericytes
280293,Oligodendrocytes
280297,Oligodendrocytes
280317,Vip
